{
    "modelled_TBR": {
        "mean": 0.0009215771730202245,
        "std_dev": 2.3351662077517377e-05
    }
}