{
    "modelled_TBR": {
        "mean": 0.0010284561041604611,
        "std_dev": 2.92884836844823e-05
    }
}