{
    "modelled_TBR": {
        "mean": 0.0010284561041604614,
        "std_dev": 2.9288483684482228e-05
    }
}