{
    "modelled_TBR": {
        "mean": 0.0008337512821171342,
        "std_dev": 2.5444773403162198e-05
    }
}