{
    "modelled_TBR": {
        "mean": 0.0008337474496467843,
        "std_dev": 2.5444777554062273e-05
    }
}