{
    "modelled_TBR": {
        "mean": 0.0011014846214768993,
        "std_dev": 3.031488200303597e-05
    }
}